id,label,author,lastname,firstname,year,year_adj,decade_birth,decade_adj,generation,gender,ethnicity,nationality,movement,movement2,poets.org,movement_note,lion.movement.1,lion.movement.2,lion.movement.3,lion.period.1,lion.period.2,lion.period.3,poets.org.1,poets.org.2,poets.org.3,poetryfoundation
1,Adams,AdamsArthurHenry,Adams,ArthurHenry,1872,1907,1870,1900,,M,,NewZealander/Oceanian,CasualsClub,,,,,,,,,,,,,
2,Agoos,AgoosJulie,Agoos,Julie,1956,1991,1950,1990,,F,,American/NorthAmerican,AmericanConfessional,Postwar,,,,,,,,,,,,
3,Akhmatova,AkhmatovaAnnaAndreevna,Akhmatova,AnnaAndreevna,1889,1924,1880,1920,,F,,Russian/European,Modernism,Inter-War,,,,,,,,,,,,
4,Alexander,AlexanderPamela,Alexander,Pamela,1948,1983,,1980,1980_2010,F,,American,AmericanConfessional,,,,,,,AmericanConfessional,,Postwar,,,,
5,Ali,AliAghaShahid,Ali,ShahidAli,1949,1984,,1980,1980_2010,M,,Indian/SouthAsian/Asian,AmericanConfessional,,,,,,,AmericanConfessional,,Postwar,,,,
6,Allberry,AllberryDebra,Allberry,Debra,1957,1992,1950,1990,,F,,American/NorthAmerican,Postwar,,,,,,,,,,,,,
7,Allen,AllenHervey,Allen,Hervey,1889,1924,,1920,1920_1950,M,,American,Symbolism,,,,,,,AmericanConformityandCriticism,AmericanNaturalisticandSymbolistic,Modernist,,,,
8,Allman,AllmanJohn,Allman,John,1935,1970,,1970,1950_1980,M,,American,AmericanConfessional,,,,,,,AmericanConfessional,,Postwar,,,,
9,Allnutt,AllnuttGillian,Allnutt,Gillian,1949,1984,,1980,1980_2010,F,,British/English,Postwar,,,,,,,,,Postwar,,,,
10,Ammons,AmmonsAR,Ammons,AR,1926,1961,,1960,1950_1980,M,,American,AmericanConfessional,,,,,,,AmericanConfessional,,Postwar,,,,
11,Ansel,AnselTalvikki,Ansel,Talvikki,1962,1997,,1990,1980_2010,F,,,AmericanConfessional,,,,,,,AmericanConfessional,,Postwar,,,,
12,Apollinaire,ApollinaireGuillaume,Apollinaire,Guillaume,1880,1915,1880,1910,,M,,French/European,Modernism,Surrealism,,,,,,,,,,,,
13,Armitage,ArmitageSimon,Armitage,Simon,1963,1998,,1990,1980_2010,M,,British/English,Postwar,,,,,,,,,Postwar,,,,
14,Armstrong,ArmstrongPeter,Armstrong,Peter,1957,1992,1950,1990,,M,,British/English/European,Postwar,,,,,,,,,,,,,
15,Arnold,ArnoldCraig,Arnold,Craig,1967,2002,,2000,1980_2010,M,,American,Lesbian/Gay,,,,Lesbian/Gay,,,AmericanConfessional,,,,,,
16,Ashcroft,AshcroftCliff,Ashcroft,Cliff,1963,1998,1960,1990,,M,,British/English/European,Postwar,,,,,,,,,,,,,
17,Auden,AudenWHWystanHugh,Auden,WHWystanHugh,1907,1942,1900,1940,,M,,American/British/English/European/NorthAmerican,Lesbian/Gay,,,,,,,,,,,,,
18,Baczynski,BaczynskiKrzysztofKamil,Baczynski,KrzysztofKamil,1921,1956,1920,1950,,M,,Polish/European,Modernism,,,,,,,,,,,,,
19,Banks,BanksTheodoreHoward,Banks,TheodoreHoward,1895,1930,1890,1930,,M,,American/NorthAmerican,AmericanNaturalisticSymbolistic,,,,,,,,,,,,,
20,Baraka,BarakaImamuAmiri,Baraka,Amiri,1934,1969,,1960,1950_1980,M,African-American,American,BlackArts,,,,Beat,BlackArts,,AmericanConfessional,AmericanConformityandCriticism,Postwar,,,,
21,Barker,BarkerGeorge,Barker,George,1913,1948,1910,1940,,M,,British/English/European,Postwar,,,,,,,,,,,,,
22,Barker2,BarkerShirley,Barker,Shirley,1911,1946,,1940,1920_1950,F,,British/English,Postwar,,,,,,,,,Postwar,,,,
23,Barnett,BarnettAnthony,Barnett,Anthony,1941,1976,1940,1970,,M,,British/English/European,Postwar,,,,,,,,,,,,,
24,Beardsley,BeardsleyAubrey,Beardsley,Aubrey,1872,1907,1870,1900,,M,,British/English/European,Decadent,Lesbian/Gay,,,,,,,,,,,,
25,Beatty,BeattyJan,Beatty,Jan,1952,1987,1950,1980,,F,,American/NorthAmerican,AmericanConfessional,Postwar,,,,,,,,,,,,
26,Becker,BeckerRobin,Becker,Robin,1951,1986,,1980,1980_2010,F,,American,AmericanConfessional,,,,,,,AmericanConfessional,,Postwar,,,,
27,Begley,BegleyT,Begley,T,1956,1991,1950,1990,,F,,American/NorthAmerican,AmericanConfessional,Postwar,,,,,,,,,,,,
28,Bell,BellMartin,Bell,Martin,1918,1953,,1950,1950_1980,M,,British/English,Postwar,,,,,,,,,,,,,
29,Bellinger,BellingerAlfredRaymond,Bellinger,AlfredRaymond,1893,1928,1890,1920,,M,,American/NorthAmerican,AmericanNaturalisticSymbolistic,Modernism,,,,,,,,,,,,
30,Belloc,BellocHilaire,Belloc,Hilaire,1870,1905,1870,1900,,M,,British/English/French/European,Edwardian,Inter-War,,,,,,,,,,,,
31,Bensko,BenskoJohn,Bensko,John,1949,1984,,1980,1980_2010,M,,American,AmericanConfessional,,,,,,,AmericanConfessional,,Postwar,,,,
32,Bhatt,BhattSujata,Bhatt,Sujata,1956,1991,,1990,1980_2010,F,,Indian/SouthAsian/Asian,Postcolonialism,,,,Postcolonialism,,,Postwar,,,,,,
33,Bibb,BibbEloiseAEloiseAlberta,Bibb,EloiseAEloiseAlberta,1878,1913,1870,1910,,F,African-American,American/NorthAmerican,AmericanRealistic,,,,,,,,,,,,,
34,Binyon,BinyonLaurence,Binyon,Laurence,1869,1904,,1900,1890_1920,M,,British/English,FirstWorldWarPoets,,,,FirstWorldWarPoets,Modernism,,Inter-War,Modernist,,,,,
35,Bishop,BishopJohnPeale,Bishop,JohnPeale,1892,1927,,1920,1920_1950,M,,,Modernism,,,,,,,AmericanConformityandCriticism,Modernist,,,,,
36,Blake,BlakeElizabethJessup,Blake,ElizabethJessup,1894,1929,,1920,1920_1950,F,,American/Lebanese/MiddleEastern,Modernism,,,,,,,AmericanConfessional,AmericanConformityandCriticism,Modernist,,,,
37,Blanco,BlancoRichard,Blanco,Richard,1968,2003,,2000,1980_2010,M,,American/Cuban/Caribbean/LatinAmerican,AmericanConfessional,,,,,,,AmericanConfessional,Postwar,,,,,
38,Bland,BlandPeter,Bland,Peter,1934,1969,,1960,1950_1980,M,,British/English/NewZealander/Oceanian,Postcolonialism,,,,Postcolonialism,,,Postwar,,,,,,
39,Boake,BoakeBarcroftHenry,Boake,BarcroftHenry,1866,1901,1860,1900,,M,,Australian/Oceanian,Victorian,,,,,,,,,,,,,
40,Bolt,BoltThomas,Bolt,Thomas,1959,1994,,1990,1980_2010,M,,American,AmericanConfessional,,,,,,,AmericanConfessional,Postwar,,,,,
41,Bontemps,BontempsArnaWendell,Bontemps,ArnaWendell,1902,1937,1900,1930,,M,African-American,American/NorthAmerican,HarlemRenaissance,ChicagoRenaissance,,,,,,,,,,,,
42,Bowers,BowersMildred,Bowers,Mildred,1901,1936,,1930,1920_1950,F,,American,Symbolism,,,,,,,AmericanNaturalisticandSymbolistic,Modernist,,,,,
43,Boyle,BoyleCharles,Boyle,Charles,1951,1986,1950,1980,,M,,British/English/European,Postwar,,,,,,,,,,,,,
44,Bradley,BradleyGeorge,Bradley,George,1953,1988,,1980,1980_2010,M,,American,AmericanConfessional,,,,,,,AmericanConfessional,,Postwar,,,,
45,Brathwaite,BrathwaiteKamau,Brathwaite,Kamau,1930,1965,,1960,1950_1980,M,,Barbadian/WestIndian/Caribean,Postcolonialism,,,,,,,AmericanNaturalisticandSymbolistic,Modernist,,,,,
46,Brecht,BrechtBertolt,Brecht,Bertolt,1898,1933,1890,1930,,M,,German/European,Inter-War,Modernism,,,Postcolonialism,,,Postwar,,,,,,
47,Brennan,BrennanChristopherJohn,Brennan,ChristopherJohn,1870,1905,1870,1900,,M,,Australian,CasualsClub,Edwardian,,,,,,,,,,,,
48,Brereton,BreretonJohnLeGay,Brereton,JohnLeGay,1871,1906,1870,1900,,M,,Australian/Oceanian,CasualsClub,Edwardian,,,,,,,,,,,,
49,Breton,BretonAndre,Breton,Andre,1896,1931,,1930,1920_1950,M,,French/European,Surrealism,,,,,,,,,,,,,
50,Brooke,BrookeRupert,Brooke,Rupert,1887,1922,,1920,1920_1950,M,,British/English,Lesbian/Gay,FirstWorldWar,FirstWorldWar,,Surrealism,Modernism,,Inter-War,Postwar,,,,,
51,Broughton,BroughtonJames,Broughton,James,1913,1948,,1940,1920_1950,M,,American,Beat,,,,FirstWorldWarPoets,Georgian,Lesbian/Gay,Edwardian,Modernist,,,,,
52,Broumas,BroumasOlga,Broumas,Olga,1949,1984,,1980,1980_2010,F,,American/Greek/European,Lesbian/Gay,,,,Beat,,,AmericanConfessional,Postwar,,,,,
53,Brown,BrownSterlingAllen,Brown,SterlingAllen,1901,1936,,1930,1920_1950,M,African-American,American,HarlemRenaissance,,,,Feminist,Lesbian/Gay,,AmericanConfessional,Postwar,,,,,
54,Burkard,BurkardMichael,Burkard,Michael,1947,1982,,1980,1980_2010,M,,American,AmericanConfessional,,,,HarlemRenaissance,Modernism,,AmericanConfessional,AmericanConformityandCriticism,Modernist,,,,
55,Butler,ButlerCharles,Butler,Charles,1909,1944,,1940,1920_1950,M,,American,AmericanConformity,,,,,,,AmericanConfessional,Postwar,,,,,
56,Campbell,CampbellJamesEdwin,Campbell,JamesEdwin,1867,1902,1860,1900,,M,African-American,American/NorthAmerican,AmericanRealistic,,,,,,,AmericanConformityandCriticism,Postwar,,,,,
57,Camus,CamusAlbert,Camus,Albert,1913,1948,1910,1940,,M,,French/European,Modernism,Postwar,,,,,,,,,,,,
58,Carruth,CarruthHayden,Carruth,Hayden,1921,1956,,1950,1950_1980,M,,American,AmericanConfessional,,,,,,,,,,,,,
59,Carryl,CarrylGuyWetmore,Carryl,GuyWetmore,1873,1908,1870,1900,,M,,American/NorthAmerican,AmericanNaturalisticSymbolistic,Modernism,,,,,,AmericanConfessional,AmericanConformityandCriticism,Postwar,,,,
60,Carson,CarsonCiaran,Carson,Ciaran,1948,1983,,1980,1980_2010,M,,Irish,Postwar,,,,,,,,,,,,,
61,Castro,CastroAdrian,Castro,Adrian,1967,2002,1960,2000,,M,,American/NorthAmerican,AmericanConfessional,,,,,,,Postwar,,,,,,
62,Ceravolo,CeravoloJoseph,Ceravolo,Joseph,1934,1969,,1960,1950_1980,M,,American,AmericanConfessional,,,,,,,AmericanNaturalisticandSymbolistic,AmericanRealistic,Modernist,,,,
63,Champion,ChampionMiles,Champion,Miles,1968,2003,1960,2000,,M,,British/English/European,Postwar,,,,,,,AmericanConfessional,Postwar,,,,,
64,Chester,ChesterTessaRose,Chester,TessaRose,1950,1985,1950,1980,,F,,British/English/European,Postwar,,,,,,,,,,,,,
65,Chesterton,ChestertonGKGilbertKeith,Chesterton,GK,1874,1909,,1900,1890_1920,M,,British/English,Modernism,,,,,,,,,,,,,
66,Chubb,ChubbThomasCaldecot,Chubb,ThomasCaldecot,1899,1934,,1930,1920_1950,M,,American,Symbolism,,,,GoldenAgeofDetectiveFiction,,,Edwardian,Inter-War,Modernist,,,,
67,Ciardi,CiardiJohn,Ciardi,John,1916,1951,,1950,1950_1980,M,Italian-American,American,AmericanConformity,,,,,,,AmericanConformityandCriticism,AmericanNaturalisticandSymbolistic,Modernist,,,,
68,Clark,ClarkTom,Clark,Tom,1941,1976,,1970,1950_1980,M,,American,Postwar,,,,,,,Postwar,,,,,,
69,Clarke,ClarkeGillian,Clarke,Gillian,1937,1972,,1970,1950_1980,F,,British/Welsh,Postwar,,,,,,,AmericanConformityandCriticism,Modernist,,,,,
70,Clifton,CliftonHarry,Clifton,Harry,1952,1987,,1980,1980_2010,M,,Irish,Postwar,,,,,,,Postwar,,,,,,
71,Codrescu,CodrescuAndrei,Codrescu,Andrei,1946,1981,,1980,1980_2010,M,,American/Romanian,AmericanConfessional,,,,,,,Postwar,,,,,,
72,Coffey,CoffeyBrian,Coffey,Brian,1905,1940,,1940,1920_1950,M,,Irish,Modernism,,,,,,,AmericanConfessional,Postwar,,,,,
73,Colum,ColumPadraic,Colum,Padraic,1881,1916,,1910,1890_1920,M,,Irish,Modernism,,,,,,,AmericanConformityandCriticism,AmericanRealistic,,,,,
74,Conkling,ConklingHelen,Conkling,Helen,1928,1963,,1960,1950_1980,F,,American,AmericanConfessional,,,,CelticRevival,,,Edwardian,Inter-War,Modernist,,,,
75,Cornford,CornfordFrancesDarwin,Cornford,Frances,1886,1921,,1920,1920_1950,F,,British/English,Modernism,,,,,,,AmericanConfessional,Postwar,,,,,
76,Corrothers,CorrothersJamesDavid,Corrothers,JamesDavid,1869,1904,,1900,1890_1920,M,African-American,American,Symbolism,,,,,,,,,,,,,
77,Cotter,CotterJosephSeamon,Cotter,JosephSeamon,1895,1930,,1930,1920_1950,M,African-American,American,FirstWorldWarPoets,,,,,,,AmericanNaturalisticandSymbolistic,Modernist,,,,,
78,Couto,CoutoNancyVieira,Couto,NancyViera,1942,1977,,1970,1950_1980,F,,American,AmericanConfessional,,,,,,,,,,,,,
79,Cox,CoxBrian,Cox,Brian,1928,1963,1920,1960,,M,,British/English/European,Postwar,,,,,,,AmericanConfessional,Postwar,,,,,
80,Cox2,CoxMark,Cox,Mark,1956,1991,,1990,1980_2010,M,,American,AmericanConfessional,,,,,,,,,,,,,
81,Crane,CraneHart,Crane,Hart,1899,1934,,1930,1920_1950,M,,American,Symbolism,,,,,,,AmericanConfessional,Postwar,,,,,
82,Crane2,CraneStephen,Crane,Stephen,1871,1906,1870,1900,,M,,American/NorthAmerican,AmericanRealistic,,,,Lesbian/Gay,LostGeneration,Modernism,AmericanNaturalisticandSymbolistic,Modernist,,,,,
83,Crapsey,CrapseyAdelaide,Crapsey,Adelaide,1878,1913,,1910,1890_1920,F,,American,Symbolism,,,,,,,,,,,,,
84,Creeley,CreeleyRobert,Creeley,Robert,1926,1961,,1960,1950_1980,M,,American,BlackMountainSchool,,BlackMountain,,,,,AmericanNaturalisticandSymbolistic,Modernist,,,,,
85,Crucefix,CrucefixMartyn,Crucefix,Martyn,1956,1991,1950,1990,,M,,British/English/European,Postwar,,,,BlackMountainSchool,,,AmericanConfessional,AmericanConformityandCriticism,Postwar,,,,
86,Cruz,CruzVictorHernndez,Cruz,VictorHernandez,1949,1984,,1980,1980_2010,M,Hispanic-American,American/PuertoRican/Caribbean,AmericanConfessional,,,,,,,,,,,,,
87,Cummings,CummingsEEEdwardEstlin,Cummings,EE,1894,1929,,1920,1920_1950,M,,American,Symbolism,,Concrete,,,,,,,,,,,
88,Cunningham,CunninghamJVJamesVincent,Cunningham,JV,1911,1946,,1940,1920_1950,M,,American,AmericanConfessional,,,,LostGeneration,Modernism,,AmericanConformityandCriticism,AmericanNaturalisticandSymbolistic,Modernist,,,,
89,Curnow,CurnowAllen,Curnow,Allen,1911,1946,,1940,1920_1950,M,,NewZealander/Oceanian,Modernism,,,,,,,AmericanConfessional,Postwar,,,,,
90,Curry,CurryNeil,Curry,Neil,1937,1972,1930,1970,,M,,British/English/European,Postwar,,,,,,,Modernist,Postwar,,,,,
91,D'Aguiar,DAguiarFred,D'Aguiar,Fred,1960,1995,,1990,1980_2010,M,,British/Guyanese/WestIndian/European,Postcolonialism,,,,,,,,,,,,,
92,Daniel,DanielJohn,Daniel,John,1948,1983,,1980,1980_2010,M,,American,AmericanConfessional,,,,Postcolonialism,,,,,Postwar,,,,
93,Daniels,DanielsJim,Daniels,Jim,1956,1991,1950,1990,,M,,American/NorthAmerican,AmericanConfessional,,,,,,,AmericanConfessional,,Postwar,,,,
94,Daniels2,DanielsKate,Daniels,Kate,1953,1988,,1980,1980_2010,F,,American,AmericanConfessional,,,,,,,,,,,,,
95,Davies,DaviesHilary,Davies,Hilary,1954,1989,1950,1980,,F,,British/English/European,Postwar,,,,,,,,,,,,,
96,Davies2,DaviesHughSykes,Davies,HughSykes,1909,1944,,1940,1920_1950,M,,British/English,Surrealism,,,,,,,,,,,,,
97,Davis,DavisWilliamVirgil,Davis,WilliamVirgil,1940,1975,,1970,1950_1980,M,,American,AmericanConfessional,,,,Modernism,Surrealism,,Inter-War,,Modernist,,,,
98,DelaMare,DelaMareWalter,DelaMare,Walter,1873,1908,1970,1900,,M,,British/English/European,Georgian,Edwardian,,,,,,AmericanConfessional,,Postwar,,,,
99,Delanty,DelantyGreg,Delanty,Greg,1958,1993,,1990,1980_2010,M,,Irish,Postwar,,,,,,,,,,,,,
100,Denney,DenneyReuel,Denney,Reuel,1913,1948,,1940,1920_1950,M,,American,AmericanConformity,,,,,,,Postwar,,,,,,
101,Derricotte,DerricotteToi,Derricotte,Toi,1941,1976,,1970,1950_1980,F,African-American,American,Feminism,,,,,,,AmericanConformityandCriticism,,Modernist,,,,
102,Devlin,DevlinDenis,Devlin,Denis,1908,1943,,1940,1920_1950,M,,Irish,Modernism,,,,Feminist,,,AmericanConfessional,,Postwar,,,,
103,Dixon,DixonMelvin,Dixon,Melvin,1950,1985,,1980,1980_2010,M,African-American,American,Lesbian/Gay,,,,Modernism,,,Inter-War,,Modernist,,,,
104,Donaghy,DonaghyMichael,Donaghy,Michael,1954,1989,1950,1980,,M,,American/NorthAmerican,AmericanConfessional,,,,Lesbian/Gay,,,AmericanConfessional,,Postwar,,,,
105,Douglas,DouglasKeithCastellain,Douglas,KeithCastellain,1920,1955,1920,1950,,M,,British/English/European,Modernism,,,,,,,,,,,,,
106,Dowson,DowsonErnestChristopher,Dowson,ErnestChristopher,1867,1902,1860,1900,,M,,British/English/European,Decadent,Aesthetic,,,,,,,,,,,,
107,Dubie,DubieNorman,Dubie,Norman,1945,1980,,1980,1980_2010,M,,American,AmericanConfessional,,,,,,,,,,,,,
108,Dunbar,DunbarPaulLaurence,Dunbar,PaulLaurence,1872,1907,1870,1900,,M,African-American,American/NorthAmerican,AmericanRealistic,,,,,,,AmericanConfessional,,Postwar,,,,
109,Duncan,DuncanRobertEdward,Duncan,RobertEdward,1919,1954,,1950,1950_1980,M,,American,BlackMountainSchool,,BlackMountain,,,,,,,,,,,
110,Dunmore,DunmoreHelen,Dunmore,Helen,1952,1987,,1980,1980_2010,F,,British/English,Postwar,,,,BlackMountainSchool,Lesbian/Gay,,AmericanConfessional,,Postwar,,,,
111,Dunn,DunnStephen,Dunn,Stephen,1939,1974,,1970,1950_1980,M,,American,AmericanConfessional,,,,,,,Postwar,,,,,,
112,Duran,DuranJane,Duran,Jane,1944,1979,1940,1970,,F,Hispanic-American,American/Cuban/Caribbean/NorthAmerican/LatinAmerican,Postwar,,,,,,,,,,,,,
113,Durand,DurandEvelyn,Durand,Evelyn,1870,1905,1870,1900,,F,,Canadian/NorthAmerican,CanadianConfederation,,,,,,,AmericanConfessional,,Postwar,,,,
114,Dyson,DysonKetakiKushari,Dyson,KetakiKushari,1940,1975,,1970,1950_1980,,,,AmericanConfessional,,,,,,,,,,,,,
115,Eady,EadyCornelius,Eady,Cornelius,1954,1989,,1980,1980_2010,M,African-American,American,AmericanConfessional,,,,,,,,,,,,,
116,Eigner,EignerLarry,Eigner,Larry,1927,1962,,1960,1950_1980,M,,American,BlackMountainSchool,,,,,,,AmericanConfessional,,Postwar,,,,
117,Eliot,EliotTSThomasStearns,Eliot,TSThomasStearns,1888,1923,1880,1920,,M,,American/British/European/NorthAmerican,NewCriticism,Modernism,,,BlackMountainSchool,,,AmericanConfessional,,Postwar,,,,
118,Eluard,EluardPaul,Eluard,Paul,1895,1930,1890,1930,,M,,French/European,Inter-War,Surrealism,,,,,,,,,,,,
119,Empson,EmpsonWilliam,Empson,William,1906,1941,,1940,1920_1950,M,,British/English,Modernism,,,,,,,,,,,,,
120,Enright,EnrightDJDennisJoseph,Enright,DJ,1920,1955,,1950,1950_1980,M,,British/English,Modernism,,,,Writersofthe1930s,,,Inter-War,,Modernist,,,,
121,Espada,EspadaMartin,Espada,Martin,1957,1992,,1990,1980_2010,M,Hispanic-American,American,AmericanConfessional,,,,TheMovement,,,,,Postwar,,,,
122,Everson,EversonWilliam,Everson,William,1912,1947,,1940,1920_1950,M,,American,Beat,,,,,,,,,,,,,
123,Ezekiel,EzekielNissim,Ezekiel,Nissim,1924,1959,,1950,1950_1980,M,Jewish,Indian/SouthAsian/Asian,Postcolonialism,,,,Beat,,,AmericanConfessional,AmericanConformityandCriticism,Postwar,,,,
124,Fairbridge,FairbridgeKingsleyOgilvie,Fairbridge,KingsleyOgilvie,1885,1920,1880,1920,,M,,African/SouthAfrican,Edwardian,Modernism,,,Postcolonialism,,,,,Postwar,,,,
125,Fanthorpe,FanthorpeUA,Fanthorpe,UA,1929,1964,,1960,1950_1980,F,,British/English,Lesbian/Gay,,,,,,,,,,,,,
126,Farrar,FarrarJohnChipman,Farrar,JohnChipman,1896,1931,,1930,1920_1950,M,,American,Symbolism,,,,Lesbian/Gay,,,,,Postwar,,,,
127,Feldman,FeldmanIrving,Feldman,Irving,1928,1963,,1960,1950_1980,M,Jewish,American,AmericanConfessional,,,,,,,AmericanConfessional,AmericanNaturalisticandSymbolistic,Modernist,,,,
128,Fenton,FentonJames,Fenton,James,1949,1984,,1980,1980_2010,M,,British/English,Postwar,,,*we find it suspicious that there are only two postmodern poets in the whole set. We found a norton anthology that lists postmodern poets, maybe we could consult that,,,,AmericanConfessional,Postwar,,,,
129,Ferril,FerrilThomasHornsby,Ferril,ThomasHornsby,1896,1931,,1930,1920_1950,M,,American,Modernism,,,,,,,,,Postwar,,,,
130,Field,FieldEdward,Field,Edward,1924,1959,,1950,1950_1980,M,Jewish,American,Lesbian/Gay,,,,,,,,AmericanConformityandCriticism,Modernist,Postmodernism,,,
131,Fisher,FisherRoy,Fisher,Roy,1930,1965,,1960,1950_1980,M,,British/English,Postwar,,,,Lesbian/Gay,,,AmericanConfessional,,Postwar,,,,
132,Fitzgerald,FitzgeraldRobert,Fitzgerald,Robert,1910,1945,,1940,1920_1950,M,,American,Modernism,,,,,,,,,Postwar,,,,
133,Forbes,ForbesCalvin,Forbes,Calvin,1945,1980,,1980,1980_2010,M,African-American,American,AmericanConfessional,,,,,,,,AmericanConformityandCriticism,Modernist,,,,
134,Forbes2,ForbesDuncan,Forbes,Duncan,1947,1982,1940,1980,,M,,British/English/European,Postwar,,,,,,,AmericanConfessional,,Postwar,,,,
135,Ford,FordFordMadox,Ford,FordMadox,1873,1908,,1900,1890_1920,M,,British/English,FirstWorldWarPoets,FirstWorldWarPoets,,,,,,,,,,,,
136,Ford2,FordMark,Ford,Mark,1962,1997,1960,1990,,M,,British/English/European,Postwar,,,*had trouble deciding between the two,FirstWorldWarPoets,Imagism,LostGeneration,Edwardian,Inter-War,Modernist,,,,
137,Francis,FrancisMatthew,Francis,Matthew,1956,1991,1950,1990,,M,,British/European,Postwar,,,,,,,,,,,,,
138,Francis2,FrancisRobert,Francis,Robert,1901,1936,,1930,1920_1950,M,,American,Modernism,,,,,,,,,,,,,
139,Fraser,FraserGSGeorgeSutherland,Fraser,GS,1915,1950,,1950,1950_1980,M,,British/English,NewApocalypse,,,,,,,,AmericanConformityandCriticism,Modernist,,,,
140,Frost,FrostRobert,Frost,Robert,1874,1909,,1900,1890_1920,M,,American,Symbolism,Modernism,,,,,,,,,,,,
141,Frost2,FrostFrances,Frost,Frances,1905,1940,,1940,1920_1950,F,,American,AmericanConformity,,,,,,,,,,,,,
142,Fulton,FultonAlice,Fulton,Alice,1952,1987,,1980,1980_2010,F,,American,AmericanConfessional,,,,,,,AmericanConformityandCriticism,AmericanNaturalisticandSymbolistic,Modernist,,,,
143,Gallas,GallasJohn,Gallas,John,1950,1985,,1980,1980_2010,M,,NewZealander/Oceanian,Postcolonialism,,,,Feminist,,,AmericanConfessional,Postwar,,,,,
144,Gander,GanderForrest,Gander,Forrest,1956,1991,,1990,1980_2010,M,,American,AmericanConfessional,,,,Postcolonialism,,,Postwar,,,,,,
145,Gardinier,GardinierSuzanne,Gardinier,Suzanne,1961,1996,1960,1990,,F,,American/NorthAmerican,AmericanConfessional,,,,,,,AmericanConfessional,Postwar,,,,,
146,Garfitt,GarfittRoger,Garfitt,Roger,1944,1979,1940,1970,,M,,British/English/European,Postwar,,,,,,,,,,,,,
147,Garrigue,GarrigueJean,Garrigue,Jean,1912,1947,,1940,1920_1950,F,,American,AmericanConfessional,,,,,,,,,,,,,
148,Gascoyne,GascoyneDavid,Gascoyne,David,1916,1951,1910,1950,,M,,British/English/European,Modernism,Surrealism,,,,,,AmericanConfessional,Postwar,,,,,
149,Gaspar,GasparLorand,Gaspar,Lorand,1925,1960,1920,1960,,M,,French/European,********,,,,,,,,,,,,,
150,Ghose,GhoseManmohan,Ghose,Manmohan,1869,1904,1860,1900,,M,,Indian/SouthAsian/Asian,Inter-War,,,,,,,,,,,,,
151,Gibbon,GibbonPerceval,Gibbon,Perceval,1879,1914,1870,1910,,M,,African/SouthAfrican,Edwardian,Modernism,,,,,,,,,,,,
152,Ginsberg,GinsbergLouis,Ginsberg,Louis,1895,1930,,1930,1920_1950,M,,American,AmericanConformity,,,,,,,,,,,,,
153,Gladding,GladdingJody,Gladding,Jody,1955,1990,,1990,1980_2010,F,,American,AmericanConfessional,,,,,,,AmericanConfessional,AmericanConformityandCriticism,Modernist,,,,
154,Gluck,GlckLouise,Gluck,Louise,1943,1978,,1970,1950_1980,F,,American,AmericanConfessional,,,,,,,AmericanConfessional,Postwar,,,,,
155,Goodman,GoodmanPaul,Goodman,Paul,1911,1946,,1940,1920_1950,M,,American,Lesbian/Gay,,,,,,,,,,,,,
156,Graham,GrahamJorie,Graham,Jorie,1951,1986,,1980,1980_2010,F,,American,BlackArts,,BlackArts,,Lesbian/Gay,,,AmericanConfessional,AmericanConformityandCriticism,Postwar,,,,
157,Graham2,GrahamWSWilliamSydney,Graham,WSWilliamSydney,1918,1953,1910,1950,,M,,British/Scottish/European,Postwar,,,,Postmodernism,,,AmericanConfessional,Postwar,,,,,
158,Graves,GravesRobert,Graves,Robert,1895,1930,,1930,1920_1950,M,,British/English,FirstWorldWarPoets,FirstWorldWar,FirstWorldWar,,,,,,,,,,,
159,Gray,GrayJohn,Gray,John,1866,1901,1860,1900,,M,,British/English/European,Decadent,Edwardian,,,FirstWorldWarPoets,,,Inter-War,Modernist,Postwar,,,,
160,Greenlaw,GreenlawLavinia,Greenlaw,Lavinia,1962,1997,1960,1990,,F,,British/English/European,Postwar,,,,,,,,,,,,,
161,Gregory,GregoryHorace,Gregory,Horace,1898,1933,,1930,1920_1950,M,,American,AmericanConformity,,,,,,,,,,,,,
162,Grossman,GrossmanAllen,Grossman,Allen,1932,1967,,1960,1950_1980,M,Jewish,American,AmericanConfessional,,,,,,,AmericanConformityandCriticism,Modernist,,,,,
163,Hall,HallJCJohnClive,Hall,JC,1920,1955,,1950,1950_1980,M,,British/English,Postwar,,,,Deep,Image,,,AmericanConfessional,Postwar,,,,
164,Hall2,HallDonald,Hall,Donald,1928,1963,,1960,1950_1980,M,,American,DeepImage,,,,,,,AmericanConfessional,Postwar,,,,,
165,Hall3,HallDaniel,Hall,Daniel,1952,1987,,1980,1980_2010,M,,American,AmericanConfessional,,,,,,,Edwardian,Modernist,,,,,
166,Hamilton,HamiltonIan,Hamilton,Ian,1938,1973,1930,1970,,M,,British/English/European,Postwar,,,,,,,Postwar,,,,,,
167,Hannah,HannahSophie,Hannah,Sophie,1971,2006,,2000,1980_2010,F,,British/English,Postwar,,,,,,,,,,,,,
168,Harford,HarfordLesbia,Harford,Lesbia,1891,1926,1890,1920,,F,,Australian/Oceanian,Inter-War,,,,,,,Postwar,,,,,,
169,Harper,HarperMichaelS,Harper,MichaelS,1938,1973,,1970,1950_1980,M,African-American,American,AmericanConfessional,,,,,,,,,,,,,
170,Harrison,HarrisDick,Harris,Dick,1887,1922,1880,1920,,M,,NewZealander/Oceanian,Inter-War,Edwardian,,,,,,AmericanConfessional,Postwar,,,,,
171,Harrison2,HarrisonTony,Harrison,Jim,1937,1972,,1970,1950_1980,M,,American,Postwar,,,,,,,,,,,,,
172,Harsent,HarsentDavid,Harsent,David,1942,1977,,1970,1950_1980,M,,British/English,Postwar,,,,,,,,,,,,,
173,Hartnett,HartnettMichael,Hartnett,Michael,1941,1976,,1970,1950_1980,M,,Irish,Postwar,,,,,,,Postwar,,,,,,
174,Haslam,HaslamMichael,Haslam,Michael,1947,1982,1940,1980,,M,,British/English/European,Postwar,,,,,,,Postwar,,,,,,
175,Hayden,HaydenRobert,Hayden,Robert,1913,1948,,1940,1920_1950,M,African-American,American,AmericanConformity,,,,,,,,,,,,,
176,Henry,HenryMichael,Henry,Michael,1942,1977,1940,1970,,M,,British/English/European,Postwar,,,*not 20C,,,,AmericanRealistic,,,,,,
177,Hensley,HensleySophiaMargaretta,Hensley,SophiaMargaretta,1866,1901,1860,1900,,F,,Canadian/NorthAmerican,CanadianConfederation,,,,,,,,,,,,,
178,Herbert,HerbertWN,Herbert,WN,1961,1996,,1990,1980_2010,M,,British/Scottish/European,Postwar,,,,,,,,,,*very much a 19th century poet, not 20th,,
179,Hill,HillSelima,Hill,Selima,1945,1980,,1980,1980_2010,F,,British/European,Postwar,,,,,,,Postwar,,,,,,
180,Hill2,HillTobias,Hill,Tobias,1970,2005,,2000,1980_2010,M,,British/English,Postwar,,,,,,,Postwar,,,,,,
181,Hinsey,HinseyEllen,Hinsey,Ellen,1960,1995,,1990,1980_2010,F,,American,AmericanConfessional,,,,,,,Postwar,,,,,,
182,Hodgson,HodgsonRalph,Hodgson,Ralph,1871,1906,,1900,1890_1920,M,,British/English,Edwardian,,,,,,,AmericanConfessional,Postwar,,,,,
183,Hoffman,HoffmanDaniel,Hoffman,Daniel,1923,1958,,1950,1950_1980,M,,American,AmericanConfessional,,,,Georgian,,,Edwardian,Inter-War,Modernist,,,,
184,Holub,HolubMiroslav,Holub,Miroslav,1923,1958,,1950,1950_1980,M,,Czech/European,Postwar,,,,,,,AmericanConfessional,Postwar,,,,,
185,Hooker,HookerJeremy,Hooker,Jeremy,1941,1976,1940,1970,,M,,British/English/European,Postwar,,,,,,,Postwar,,,,,,
186,Hopper,HopperNora,Hopper,Nora,1871,1906,1870,1900,,F,,British/English/European,CelticRevival,Victorian,,,,,,,,,,,,
187,Horan,HoranRobert,Horan,Robert,1922,1957,,1950,1950_1980,M,,American,AmericanConformity,,,,,,,,,,,,,
188,Howard,HowardRichard,Howard,Richard,1929,1964,,1960,1950_1980,M,,American,Lesbian/Gay,,,,Lesbian/Gay,,,Inter-War,LateVictorian,Modernist,,,,
189,Howe,HoweMarie,Howe,Marie,1950,1985,,1980,1980_2010,F,,American,AmericanConfessional,,,,Lesbian/Gay,,,AmericanConfessional,Postwar,,,,,
190,Howe,HoweSusan,Howe,Susan,1937,1972,1930,1970,,F,,American/NorthAmerican,AmericanConfessional,Postwar,,,,,,AmericanConfessional,Postwar,,,,,
191,Hubbell,HubbellLindleyWilliams,Hubbell,LindleyWilliams,1901,1936,,1930,1920_1950,M,,American,AmericanConformity,,,,,,,,,,,,,
192,Hughes,HughesDorothyBDorothyBelle,Hughes,DorothyBDorothyBelle,1904,1939,1900,1930,,F,,American/NorthAmerican,AmericanConformity,Modernism,,,,,,AmericanConfessional,AmericanConformityandCriticism,Modernist,,,,
193,Hughes2,HughesLangston,Hughes,Langston,1902,1937,,1930,1920_1950,M,African-American,American,HarlemRenaissance,Lesbian/Gay,HarlemRenaissance,,,,,,,,,,,
194,Hughes3,HughesTed,Hughes,Ted,1930,1965,1930,1960,,M,,British/English/European,Postwar,,,,HarlemRenaissance,Lesbian/Gay,Modernism,AmericanConformityandCriticism,AmericanNaturalisticandSymbolistic,Modernist,,,,
195,Hugo,HugoRichard,Hugo,Richard,1923,1958,,1950,1950_1980,M,,American,AmericanConfessional,,,,,,,,,,,,,
196,Huws,HuwsDaniel,Huws,Daniel,1932,1967,1930,1960,,M,,British/English/European,Postwar,,,,,,,AmericanConfessional,Postwar,,,,,
197,Ignatow,IgnatowDavid,Ignatow,David,1914,1949,,1940,1920_1950,M,Jewish,American,AmericanConfessional,,Confessional,,,,,,,,,,,
198,Iverem,IveremEsther,Iverem,Esther,1960,1995,,1990,1980_2010,F,African-American,American,AmericanConfessional,,,,,,,AmericanConfessional,AmericanConformityandCriticism,Postwar,,,,
199,Jackson,JacksonAngela,Jackson,Angela,1951,1986,,1980,1980_2010,F,African-American,American,AmericanConfessional,,,,,,,AmericanConfessional,Postwar,,,,,
200,Jacob,JacobMax,Jacob,Max,1876,1911,1870,1910,,M,Jewish,French/European,Modernism,,,,,,,AmericanConfessional,Postwar,,,,,
201,Jacox,JacoxKyleChristiane,Jacox,KyleChristiane,1950,1985,,1980,1980_2010,F,,American,AmericanConfessional,,,,,,,,,,,,,
202,Jamie,JamieKathleen,Jamie,Kathleen,1962,1997,,1990,1980_2010,F,,British/English,Postwar,,,,,,,AmericanConfessional,Postwar,,,,,
203,Jeffers,JeffersRobinson,Jeffers,Robinson,1887,1922,,1920,1920_1950,M,,American,AmericanConformity,,,,,,,Postwar,,,,,,
204,Johnson,JohnsonAdam,Johnson,Adam,1965,2000,1960,2000,,M,,British/English/European,Postwar,,,,,,,AmericanConformityandCriticism,Modernist,,,,,
205,Johnson2,JohnsonLionelPigot,Johnson,LionelPigot,1867,1902,1860,1900,,M,,British/English/European,Decadent,Aesthetic,,,HarlemRenaissance,,,AmericanNaturalisticandSymbolistic,Modernist,,,,,
206,Johnson3,JohnsonRonald,Johnson,Ronald,1935,1970,,1970,1950_1980,M,,American,Concrete,,,,,,,,,,,,,
207,Jones,JonesDavidMichael,Jones,DavidMichael,1895,1930,1890,1930,,M,,British/Welsh/European,FirstWorldWarPoets,Modernism,,,Concrete,,,AmericanConfessional,Postwar,,,,,
208,Jones2,JonesGlyn,Jones,Glyn,1905,1940,,1940,1920_1950,M,,British/Welsh/European,Modernism,,,,,,,,,,,,,
209,Jones3,JonesPatriciaSpears,Jones,PatriciaSpears,1955,1990,1950,1990,,F,African-American,American/NorthAmerican,AmericanConfessional,Postwar,,,,,,Postwar,,,,,,
210,Jordan,JordanJune,Jordan,June,1936,1971,,1970,1950_1980,F,African-American,American,AmericanConfessional,,,,,,,,,,,,,
211,Joseph,JosephAllison,Joseph,Allison,1967,2002,1960,2000,,F,African-American,American/NorthAmerican,AmericanConfessional,Postwar,,,,,,AmericanConfessional,Postwar,,,,,
212,Joseph2,JosephJenny,Joseph,Jenny,1932,1967,,1960,1950_1980,F,,British/English,Postwar,,,,,,,,,,,,,
213,Joseph3,JosephLawrence,Joseph,Lawrence,1948,1983,,1980,1980_2010,M,Asian-American,American/Lebanese/MiddleEastern,AmericanConfessional,,,,,,,Postwar,,,,,,
214,Joyce,JoyceJames,Joyce,James,1882,1917,1880,1910,,M,,Irish/European,CelticRevival,Imagism,,,,,,AmericanConfessional,Postwar,,,,,
215,Kasdorf,KasdorfJulia,Kasdorf,Julia,1962,1997,,1990,1980_2010,F,,American,AmericanConfessional,,,,,,,,,,,,,
216,Kavanagh,KavanaghPJPatrickJoseph,Kavanagh,PJPatrickJoseph,1931,1966,1930,1960,,M,,irish/European,TwentiethCentury,,,,,,,AmericanConfessional,Postwar,,,,,
217,Kay,KayJackie,Kay,Jackie,1961,1996,,1990,1980_2010,F,,British/Scottish/European,Lesbian/Gay,,,,,,,,,,,,,
218,Keene,KeeneDennis,Keene,Dennis,1934,1969,1930,1960,,M,,British/English/European,Postwar,,,,Lesbian/Gay,,,Postwar,,,,,,
219,Keery,KeeryJames,Keery,James,1958,1993,1950,1990,,M,,Irish/NorthernIrish/European,Postwar,,,,,,,,,,,,,
220,Kelly,KellyBrigitPegeen,Kelly,BrigitPeegen,1951,1986,1950,1980,,F,,American/NorthAmerican,AmericanConfessional,,,,,,,AmericanConformityandCriticism,,,,,,
221,Kelly2,KellyRobert,Kelly,Robert,1935,1970,,1970,1950_1980,M,,American,DeepImage,BlackMountainSchool,,,,,,,,,,,,
222,Kettle,KettleTom,Kettle,Tom,1880,1915,1880,1910,,M,,Irish/European,Modernism,,,,BlackMountainSchool,DeepImage,,AmericanConfessional,Postwar,,,,,
223,Khalvati,KhalvatiMimi,Khalvati,Mimi,1944,1979,,1970,1950_1980,F,,British/Iranian/European/MiddleEastern,Feminism,,,,,,,,,,,,,
224,Khlebnikov,KhlebnikovVelimir,Khlebnikov,Velimir,1885,1920,1880,1920,,M,,Russian/European,Modernism,,,,Feminist,,,Postwar,,,,,,
225,Kilmer,KilmerJoyce,Kilmer,Joyce,1886,1921,,1920,1920_1950,M,,American,Symbolism,,,,,,,,,,,,,
226,Kinnell,KinnellGalway,Kinnell,Galway,1927,1962,,1960,1950_1980,M,,American,DeepImage,,,,,,,AmericanNaturalisticandSymbolistic,Modernist,,,,,
227,Kinsella,KinsellaJohn,Kinsella,John,1963,1998,,1990,1980_2010,M,,Australian/Oceanian,Postwar,,,,DeepImage,,,AmericanConfessional,Postwar,,,,,
228,Kociejowski,KociejowskiMarius,Kociejowski,Marius,1949,1984,1940,1980,,M,,Canadian/NorthAmerican,CanadianContemporary,,,,Postcolonialism,,,Edwardian,LateVictorian,Modernist,,,,
229,Kumin,KuminMaxine,Kumin,Maxine,1925,1960,,1960,1950_1980,F,Jewish,American,AmericanConfessional,,Ethnopoetic,,,,,,,,,,,
230,Kunitz,KunitzStanley,Kunitz,Stanley,1905,1940,,1940,1920_1950,M,,American,AmericanConformity,,,,,,,AmericanConfessional,Postwar,,,,,
231,Kuppner,KuppnerFrank,Kuppner,Frank,1951,1986,1950,1980,,M,,British/Scottish/European,Postwar,,,,,,,AmericanConfessional,AmericanConformityandCriticism,Postwar,,,,
232,Laird,LairdNick,Laird,Nick,1975,2010,1970,2010,,M,,British/NorthernIrish/European,Twenty-FirstCentury,,,,Symbolism,,,,,,,,,
233,Lally,LallyMichael,Lally,Michael,1942,1977,,1970,1950_1980,M,,American,AmericanConfessional,,,,,,,,,,,,,
234,Lamantia,LamantiaPhilip,Lamantia,Philip,1927,1962,,1960,1950_1980,M,Italian-American,American,Beat,,,,,,,AmericanConfessional,Postwar,,*he is both a 19th century and he only wrote in French. One of the biggest inspirations for T.S. Eliot's early poems. ,,,
235,Laughlin,LaughlinJames,Laughlin,James,1914,1949,,1940,1920_1950,M,,American,Modernism,,,,Beat,,,AmericanConfessional,AmericanConformityandCriticism,Postwar,,,,
236,Lawrence,LawrenceDHDavidHerbert,Lawrence,DH,1885,1920,,1920,1920_1950,M,,British/English,Modernism,,,,,,,AmericanConformityandCriticism,Modernist,Postwar,,,,
237,Lawson,LawsonHenry,Lawson,Henry,1867,1902,1860,1900,,M,,Australian/Oceanian,Edwardian,Victorian,,*hard to decide, he was a Georgian poet and technically an Edwardian,Lesbian/Gay,Modernism,,Edwardian,Inter-War,,,,
238,Ledwidge,LedwidgeFrancis,Ledwidge,Francis,1887,1922,1880,1920,,M,,Irish/European,CelticRevival,Modernism,,,,,,,,,,,,
239,Lehmann,LehmannGeoffrey,Lehmann,Geoffrey,1940,1975,1940,1970,,M,,Australian/Oceanian,NewAustralianPoetry,Postwar,,,,,,,,,Modernist,,,
240,Levertov,LevertovDenise,Levertov,Denise,1923,1958,,1950,1950_1980,F,,American/British/English/European/NorthAmerican,BlackMountainSchool,Feminism,BlackMountain,,,,,,,,,,,
241,Levine,LevinePhilip,Levine,Philip,1928,1963,,1960,1950_1980,M,Jewish,American,AmericanConfessional,,,,BlackMountainSchool,FeministWriters,,AmericanConfessional,AmericanConformityandCriticism,Postwar,,,,
242,Lindsay,LindsayVachel,Lindsay,Vachel,1879,1914,1870,1910,,M,,American/NorthAmerican,ChicagoRenaissance,AmericanNaturalisticSymbolistic,,,DawnandDuskClub,,,Inter-War,Modernist,,,,,
243,Lodge,LodgeGeorgeCabot,Lodge,GeorgeCabot,1873,1908,,1900,1890_1920,M,,American,Symbolism,,,,,,,,,,,,,
244,Loftis,LoftisNorman,Loftis,Norman,1943,1978,1940,1970,,M,African-American,American/NorthAmerican,AmericanConfessional,,,,,,,AmericanNaturalisticandSymbolistic,AmericanRealistic,Modernist,,,,
245,Logue,LogueChristopher,Logue,Christopher,1926,1961,1920,1960,,M,,British/English/European,Postwar,,,,,,,,,,,,,
246,Lynch,LynchThomas,Lynch,Thomas,1948,1983,,1980,1980_2010,M,,American,AmericanConfessional,,,,,,,AmericanConformityandCriticism,AmericanNaturalisticandSymbolistic,Modernist,,,,
247,MacDermot,MacDermotThomasHenry,MacDermot,ThomasHenry,1870,1905,1870,1900,,M,,Jamaican/WestIndian/Caribbean,Modernism,,,,,,,AmericanConfessional,Postwar,,,,,
248,MacDiarmid,MacDiarmidHugh,MacDiarmid,Hugh,1892,1927,1890,1920,,M,,British/Scottish/European,Modernism,Inter-War,,,,,,,,,,,,
249,MacDonagh,MacDonaghThomas,MacDonagh,Thomas,1878,1913,1870,1910,,M,,Irish/European,Edwardian,Modernism,,,,,,,,,,,,
250,Machado,MachadoAntonio,Machado,Antonio,1875,1910,1870,1910,,M,,Spanish/European,Symbolism,Modernism,,,,,,,,,,,,
251,Mackay,MackayIsabelEcclestone,Mackay,IsabelEcclestone,1875,1910,1870,1910,,F,,Canadian/NorthAmerican,CanadianConfederation,,,,,,,,,,,,,
252,Mackey,MackeyNathaniel,Mackey,Nathaniel,1947,1982,,1980,1980_2010,M,African-American,American,Postwar,,,,,,,,,,,,,
253,MacLeish,MacLeishArchibald,MacLeish,Archibald,1892,1927,,1920,1920_1950,M,,American,Modernism,,,,,,,Postwar,,,,,,
254,MacNeice,MacNeiceLouis,MacNeice,Louis,1907,1942,,1940,1920_1950,M,,British/English,Modernism,,,,LostGeneration,,,AmericanConformityandCriticism,AmericanNaturalisticandSymbolistic,Modernist,,,,
255,Madge,MadgeCharles,Madge,Charles,1912,1947,,1940,1920_1950,M,,British/English,Surrealism,,,,Writersofthe1930s,,,Inter-War,Modernist,Postwar,,,,
256,Madhubuti,MadhubutiHakiR,Madhubuti,HakiR,1942,1977,,1970,1950_1980,M,African-American,American,BlackArts,,BlackArts,,Surrealism,,,Inter-War,Modernist,Postwar,,,,
257,Mahon,MahonDerek,Mahon,Derek,1941,1976,,1970,1950_1980,M,,British/Irish/NorthernIrish/European,Postwar,,,,,,,AmericanConfessional,Postwar,,,,,
258,Mairs,MairsNancy,Mairs,Nancy,1943,1978,,1970,1950_1980,F,,American,AmericanConfessional,,,,,,,Postwar,,,,,,
259,Mansfield,MansfieldKatherine,Mansfield,Katherine,1888,1923,1880,1920,,F,,NewZealander/Oceanian,Postcolonialism,Modernism,,,,,,AmericanConfessional,Postwar,,,,,
260,Marshall,MarshallJack,Marshall,Jack,1936,1971,,1970,1950_1980,M,,American,AmericanConfessional,,,,,,,,,,,,,
261,Martinez,MartnezDionisioD,Martinez,?,1956,1991,,1990,1980_2010,,,,Postwar,,,,,,,AmericanConfessional,Postwar,,,,,
262,Masefield,MasefieldJohn,Masefield,John,1878,1913,,1910,1890_1920,M,,British/English,Modernism,,,,,,,,,,,,,
263,Mason,MasonFrancisClaiborne,Mason,FrancesClaiborne,1900,1935,,1930,1920_1950,M,,American,Symbolism,,,,Georgian,,,Edwardian,Inter-War,Modernist,,,,
264,Maxwell,MaxwellGlyn,Maxwell,Glyn,1962,1997,,1990,1980_2010,M,,British/English,Postwar,,,,,,,AmericanNaturalisticandSymbolistic,Modernist,,,,,
265,Mayakovsky,MayakovskyVladimir,Mayakovsky,Vladimir,1893,1928,1890,1920,,M,,Georgian/Russian/European/MiddleEastern,Modernism,,,,,,,Postwar,,,,,,
266,McClane,McClaneKennethA,McClane,KennethA,1951,1986,,1980,1980_2010,M,African-American,American,AmericanConfessional,,,,,,,,,,,,,
267,McCombs,McCombsDavis,McCombs,Davis,1969,2004,,2000,1980_2010,M,,American,AmericanConfessional,,,*Provided we're not doing realism,,,,AmericanNaturalisticandSymbolistic,AmericanRealistic,Modernist,,,,
268,McCrae,McCraeJohn,McCrae,John,1872,1907,1870,1900,,M,,Canadian/NorthAmerican,FirstWorldWarPoets,CanadianConfederation,,,,,,AmericanConfessional,,,,,,
269,McGrath,McGrathThomas,McGrath,Thomas,1916,1951,,1950,1950_1980,M,,American,AmericanConformity,,,,,,,,,,,,,
270,McGuckian,McGuckianMedbh,McGuckian,Medbh,1950,1985,,1980,1980_2010,F,,Irish/NorthernIrish/European,Postwar,,,,,,,AmericanConfessional,AmericanConformityandCriticism,Postwar,,,,
271,McKendrick,McKendrickJamie,McKendrick,Jamie,1955,1990,,1990,1980_2010,M,,British/English,Postwar,,,*OrHarlemRenaissance as a first,HarlemRenaissance,Lesbian/Gay,LostGeneration,AmericanConformityandCriticism,AmericanNaturalisticandSymbolistic,Modernist,,,,
272,McMillan,McMillanIan,McMillan,Ian,1956,1991,,1990,1980_2010,M,,British/English,Postwar,,,,,,,Postwar,,,,,,
273,Merriam,MerriamEve,Merriam,Eve,1916,1951,,1950,1950_1980,F,,American,AmericanConformity,,,,,,,Postwar,,,,,,
274,Merton,MertonThomas,Merton,Thomas,1915,1950,,1950,1950_1980,M,,American,AmericanConformity,,,,,,,AmericanConfessional,AmericanConformityandCriticism,Postwar,,,,
275,Mew,MewCharlotteMary,Mew,CharlotteMary,1869,1904,1860,1900,,F,,British/English/European,Lesbian/Gay,,,,,,,AmericanConfessional,AmericanConformityandCriticism,Postwar,,,,
276,Meyer,MeyerThomas,Meyer,Thomas,1947,1982,1940,1980,,M,,American/NorthAmerican,AmericanConfessional,,,,,,,,,,,,,
277,Middleton,MiddletonChristopher,Middleton,Christopher,1926,1961,1920,1960,,M,,British/English/European,Postwar,,,,,,,,,,,,,
278,Millay,MillayEdnaStVincent,Millay,EdnaStVincent,1892,1927,,1920,1920_1950,F,,American,Lesbian/Gay,,,,,,,AmericanConfessional,AmericanConformityandCriticism,Postwar,,,,
279,Minhinnick,MinhinnickRobert,Minhinnick,Robert,1952,1987,,1980,1980_2010,M,,British/Welsh,Postwar,,,,Feminist,Lesbian/Gay,,AmericanConformityandCriticism,AmericanNaturalisticandSymbolistic,Modernist,,,,
280,Mitchell,MitchellAdrian,Mitchell,Adrian,1932,1967,,1960,1950_1980,M,,British/English/European,Postwar,,,,,,,Postwar,,,,,,
281,Mitchell2,MitchellKaren,Mitchell,Karen,1955,1990,,1990,1980_2010,F,African-American,American,Postwar,,,,,,,,,,,,,
282,Mitchell3,MitchellSusanLSusanLangstaff,Mitchell,SusanLSusanLangstaff,1866,1901,1860,1900,,F,,Irish/European,CelticRevival,Modernism,,,AestheticMovement,,,AmericanConfessional,Postwar,,,,,
283,Montale,MontaleEugenio,Montale,Eugenio,1896,1931,1890,1930,,M,,Italian/European,Inter-War,,,,,,,,,,,,,
284,Moody,MoodyWilliamVaughn,Moody,WilliamVaughn,1869,1904,,1900,1890_1920,M,,American,Symbolism,,,,,,,,,,,,,
285,Moore,MooreNicholas,Moore,Nicholas,1918,1953,,1950,1950_1980,M,,British/English,NewApocalypse,,,,,,,AmericanNaturalisticandSymbolistic,Modernist,,,,,
286,Moore2,MooreRosalie,Moore,Rosalie,1910,1945,,1940,1920_1950,F,,American,AmericanConformity,,,,NewApocalypse,,,Postwar,,,,,,
287,Moore3,MooreTSturgeThomasSturge,Moore,ThomasSturge,1870,1905,,1900,1890_1920,M,,British/English,Modernism,,,,,,,AmericanConformityandCriticism,Postwar,,,,,
288,Morgan,MorganEdwin,Morgan,Edwin,1920,1955,,1950,1950_1980,M,,British/Scottish/European,Postwar,,,,Georgian,Modernism,,Edwardian,Inter-War,Modernist,,,,
289,Morgan2,MorganRobert,Morgan,Robert,1944,1979,,1970,1950_1980,M,,American,AmericanConfessional,,,*Wearen'tkeepingConcreteasacategory,arewe?,Concrete,,,Postwar,,,,,
290,Morrissey,MorrisseySinead,Morrissey,Sinead,1972,2007,1970,2000,,F,,Irish/NorthernIrish/European,Postwar,,,,,,,AmericanConfessional,Postwar,,,,,
291,Morton,MortonFrank,Morton,Frank,1869,1904,1860,1900,,M,,Australian/British/English/NewZealander/Oceanian/European,Modernism,,,,,,,,,,,,,
292,Moss,MossHoward,Moss,Howard,1922,1957,,1950,1950_1980,M,,American,AmericanConfessional,,,,,,,,,,,,,
293,Motion,MotionAndrew,Motion,Andrew,1952,1987,1950,1980,,M,,British/English/European,Postwar,,,,,,,AmericanConfessional,Postwar,,,,,
294,Muir,MuirEdwin,Muir,Edwin,1887,1922,1880,1920,,M,,British/Scottish/European,Inter-War,Modernism,,,,,,,,,,,,
295,Nathan,NathanLeonard,Nathan,Leonard,1924,1959,,1950,1950_1980,M,,American/NorthAmerican,AmericanConfessional,,,,,,,AmericanConfessional,Postwar,,,,,
296,Neilson,NeilsonJohnShaw,Neilson,JohnShaw,1872,1907,1870,1900,,M,,Australian/Oceanian,Inter-War,Modernism,,,,,,,,,,,,
297,Neruda,NerudaPablo,Neruda,Pablo,1904,1939,1900,1930,,M,,Chilean/LatinAmerican,Postwar,,,,,,,,,,,,,
298,Nicholson,NicholsonNorman,Nicholson,Norman,1914,1949,,1940,1920_1950,M,,British/English/European,Postwar,,,,,,,,,,,,,
299,NiChuilleanain,NiChuilleanainEilean,NiChuilleanain,Eilean,1942,1977,1940,1970,,F,,Irish/European,Postwar,,,,,,,AmericanConfessional,Postwar,,,,,
300,Norris,NorrisKathleen,Norris,Kathleen,1947,1982,,1980,1980_2010,F,,American/NorthAmerican,AmericanConfessional,,,,,,,,Postwar,,,,,
301,Notley,NotleyAlice,Notley,Alice,1945,1980,1940,1980,,F,,American/NorthAmerican,Feminism,AmericanConfessional,,,,,,AmericanConfessional,Postwar,,,,,
302,O'Brien,OBrienSean,O'Brien,Sean,1952,1987,,1980,1980_2010,M,,British/English/European,Postwar,,,,,,,,,,,,,
303,Olson,OlsonCharles,Olson,Charles,1910,1945,,1940,1920_1950,M,,American/NorthAmerican,BlackMountainSchool,,BlackMountain,,,,,Postwar,,,,,,
304,Olson2,OlsonTed,Olson,Ted,1899,1934,,1930,1920_1950,M,,American/NorthAmerican,AmericanConformity,,,,BlackMountainSchool,,,AmericanConfessional,AmericanConformityandCriticism,Postwar,,,,
305,Orsman,OrsmanChris,Orsman,Chris,1955,1990,1950,1990,,M,,NewZealander/Oceanian,Postwar,,,,,,,AmericanConformityandCriticism,Modernist,,,,,
306,Oswald,OswaldAlice,Oswald,Alice,1966,2001,1960,2000,,F,,British/English/European,Postwar,,,,,,,,,,,,,
307,Owen,OwenLouise,Owen,Louise,1901,1936,,1930,1920_1950,F,,American/NorthAmerican,Symbolism,,,,,,,,,,,,,
308,Owen2,OwenWilfred,Owen,Wilfred,1893,1928,,1920,1920_1950,M,,British/English/European,Lesbian/Gay,FirstWorldWar,FirstWorldWar,,,,,AmericanNaturalisticandSymbolistic,Modernist,,,,,
309,Palmer,PalmerMichael,Palmer,Michael,1943,1978,1940,1970,,M,,American/NorthAmerican,AmericanConfessional,,,,FirstWarWarPoets,Lesbian/Gay,,Modernist,,,,,,
310,Pape,PapeGreg,Pape,Greg,1947,1982,,1980,1980_2010,M,,American/NorthAmerican,AmericanConfessional,,,,,,,,,,,,,
311,Pastan,PastanLinda,Pastan,Linda,1932,1967,,1960,1950_1980,F,,American/NorthAmerican,AmericanConfessional,,,,,,,AmericanConfessional,Postwar,,,,,
312,Patchen,PatchenKenneth,Patchen,Kenneth,1911,1946,,1940,1920_1950,M,,American/NorthAmerican,AmericanConformity,,,,,,,AmericanConfessional,Postwar,,,,,
313,Paterson,PatersonDon,Paterson,Don,1963,1998,1960,1990,,M,,British/Scottish/European,Postwar,,,,,,,AmericanConfessional,AmericanConformityandCriticism,Postwar,,,,
314,Patten,PattenBrian,Patten,Brian,1946,1981,,1980,1980_2010,M,,Liverpool,Postwar,,,,,,,,,,,,,
315,Peacock,PeacockMolly,Peacock,Molly,1947,1982,,1980,1980_2010,F,,American/NorthAmerican,AmericanConfessional,,,*TheNationalityisLiverpool?,,,,Postwar,,,,,,
316,Peck,PeckJohn,Peck,John,1941,1976,,1970,1950_1980,M,,American/NorthAmerican,AmericanConfessional,,,,,,,AmericanConfessional,Postwar,,,,,
317,Peirce,PeirceKathleen,Peirce,Kathleen,1956,1991,,1990,1980_2010,F,,American/NorthAmerican,AmericanConfessional,,,,,,,AmericanConfessional,Postwar,,,,,
318,Pessoa,PessoaFernando,Pessoa,Fernando,1888,1923,1880,1920,,M,,Portuguese/European,Modernism,Inter-War,,,,,,AmericanConfessional,Postwar,,,,,
319,Petit,PetitPascale,Petit,Pascale,1953,1988,,1980,1980_2010,F,,British/French/European,Postwar,,,,,,,,,,,,,
320,Phillips,PhillipsStephen,Phillips,Stephen,1868,1903,1860,1900,,M,,British/European,Edwardian,Victorian,,,,,,Postwar,,,,,,
321,Pierpoint,PierpointKatherine,Pierpoint,Katherine,1961,1996,1960,1990,,F,,British/English/European,Postwar,,,,,,,,,,,,,
322,Pitter,PitterRuth,Pitter,Ruth,1897,1932,1890,1930,,F,,British/English/European,Postwar,Inter-War,,,,,,,,,,,,
323,Plumpp,PlumppSterling,Plumpp,Sterling,1940,1975,,1970,1950_1980,M,African-American,American/NorthAmerican,AmericanConfessional,,,,,,,,,,,,,
324,Plunkett,PlunkettJosephMary,Plunkett,JosephMary,1887,1922,1880,1920,,M,,Irish/European,CelticRevival,,,,,,,AmericanConfessional,Postwar,,,,,
325,Plutzik,PlutzikHyam,Plutzik,Hyam,1911,1946,,1940,1920_1950,M,Jewish/Jewish-American,American/NorthAmerican,AmericanConformity,,,,,,,,,,,,,
326,Politovskii,PolitovskiiEvgeniiSigizmundovich,Politovskii,EvgeniiSigizmundovich,1874,1909,1870,1900,,M,,Russian/European,Modernism,,,,,,,AmericanConformityandCriticism,Postwar,,,,,
327,Pound,PoundEzra,Pound,Ezra,1885,1920,,1920,1920_1950,M,,American/NorthAmerican,Modernism,,,,,,,,,,,,,
328,Powell,PowellNeil,Powell,Neil,1948,1983,,1980,1980_2010,M,,British/English/European,Postwar,,,*REVISIT,Imagism,Modernism,Objectivism,AmericanConfessional,AmericanConformityandCriticism,AmericanNaturalisticandSymbolic,,,,
329,Prince,PrinceFTFrankTempleton,Prince,FTFrankTempleton,1912,1947,1910,1940,,M,,African/SouthAfrican,Postwar,Modernism,,,,,,Postwar,,,,,,
330,Quinn,QuinnJustin,Quinn,Justin,1968,2003,,2000,1980_2010,M,,Irish/European,Postwar,,,,,,,,,,,,,
331,Ramanujan,RamanujanAK,Ramanujan,AK,1929,1964,,1960,1950_1980,M,Indian/SouthAsian/Asian,Postcolonialism,Postwar,,,,,,,Postwar,,,,,,
332,Ramke,RamkeBin,Ramke,Bin,1947,1982,,1980,1980_2010,M,,American/NorthAmerican,AmericanConfessional,,,,,,,Postwar,,,,,,
333,Randall,RandallDudley,Randall,Dudley,1914,1949,,1940,1920_1950,M,African-American,American/NorthAmerican,BlackArts,,,,,,,AmericanConfessional,Postwar,,,,,
334,Ray,RayDavid,Ray,David,1932,1967,,1960,1950_1980,M,,American/NorthAmerican,AmericanConfessional,,,,BlackArtsMovement,,,AmericanConfessional,Postwar,,,,,
335,Raymond,RaymondVicki,Raymond,Vicki,1949,1984,1940,1980,,F,,Australian/Oceanian,Postcolonialism,Postwar,,,,,,AmericanConfessional,Postwar,,,,,
336,Reed,ReedHenry,Reed,Henry,1914,1949,,1940,1920_1950,M,,British/English/European,Postwar,,,,,,,AmericanNaturalisticandSymbolistic,Modernist,,,,,
337,Rexroth,RexrothKenneth,Rexroth,Kenneth,1905,1940,,1940,1920_1950,M,,American/NorthAmerican,Beat,,Beat,,,,,AmericanConfessional,Postwar,,,,,
338,Reznikoff,ReznikoffCharles,Reznikoff,Charles,1894,1929,,1920,1920_1950,M,Jewish/Jewish-American,American/NorthAmerican,AmericanConformity,,,*Rexroth was deemed ���father of the Beats,�۝ but didn't consider himself a Beat,Beat,Objectivism,,AmericanConfessional,AmericanConformityandCriticism,,,,
339,Rickword,RickwordEdgell,Rickword,Edgell,1898,1933,,1930,1920_1950,M,,British/English/European,Modernism,,,,Objectivism,,,AmericanConformityandCriticism,Modernist,,,,,
340,Ridler,RidlerAnne,Ridler,Anne,1912,1947,1910,1940,,F,,British/English/European,Writersofthe1930s,Postwar,,,,,,Inter-War,Modernist,,Postwar,,,
341,Riley,RileyDenise,Riley,Denise,1948,1983,,1980,1980_2010,F,,British/English/European,Feminism,,,,,,,,,,,,,
342,Rilke,RilkeRainerMaria,Rilke,Rainer,1875,1910,,1910,1890_1920,M,,German/European,Modernism,,,,CambridgeSchool,FeministWriters,,Postwar,,,,,,
343,Riordan,RiordanMaurice,Riordan,Maurice,1953,1988,1950,1980,,M,,Irish/European,Postwar,,,,,,,Modernist,,,,,,
344,Robinson,RobinsonEdwinArlington,Robinson,Edwin,1869,1904,,1900,1890_1920,M,,American/NorthAmerican,Symbolism,,,,,,,,,,,,,
345,Robinson2,RobinsonPeter,Robinson,Peter,1953,1988,1950,1980,,M,,British/English/European,CambridgeSchool,Postwar,,,,,,AmericanNaturalisticandSymbolistic,Modernist,,,,,
346,Rodker,RodkerJohn,Rodker,John,1894,1929,,1920,1920_1950,M,,British/European,Modernism,Inter-War,,,,,,,,,,,,
347,Roethke,RoethkeTheodore,Roethke,Theodore,1908,1943,,1940,1920_1950,M,,American/NorthAmerican,AmericanConformity,,,,Modernism,,,Inter-War,Modernist,,,,,
348,Root,RootWilliamPitt,Root,William,1941,1976,,1970,1950_1980,M,,American/NorthAmerican,AmericanConfessional,,,,,,,AmericanConformityandCriticism,Postwar,,,,,
349,Rosenberg,RosenbergIsaac,Rosenberg,Isaac,1890,1925,,1920,1920_1950,M,Jewish,British/English/European,FirstWorldWarPoets,FirstWorldWar,,,,,,AmericanConfessional,Postwar,,,,,
350,Rothenberg,RothenbergJerome,Rothenberg,Jerome,1931,1966,,1960,1950_1980,M,Jewish/Jewish-American,American/NorthAmerican,DeepImage,,Ethnopoetic,,FirstWorldWarPoets,,,Modernist,,,,,,
351,Rukeyser,RukeyserMuriel,Rukeyser,Muriel,1913,1948,,1940,1920_1950,F,,American/NorthAmerican,Lesbian/Gay,,,,DeepImage,,,AmericanConfessional,Postwar,,,,,
352,Russell,RussellGeorgeWilliam,Russell,GeorgeWilliam,1867,1902,1860,1900,,M,,Irish/European,CelticRevival,,,,Lesbian/Gay,,,AmericanConfessional,AmericanConformityandCriticism,Postwar,,,,
353,Saint,SaintJohnPerse,Saint,JohnPerse,1889,1924,1880,1924,,M,,French/Guadeloupean/European/Caribbean,Inter-War,Postwar,,,,,,,,,,,,
354,Saje,SajeNatasha,Saje,Natasha,1955,1990,1950,1990,,F,,American/NorthAmerican,AmericanConfessional,,,,,,,,,,,,,
355,Salaam,SalaamKalamuYa,Salaam,KalamuYa,1947,1982,1940,1980,,M,African-American,American/NorthAmerican,AmericanConfessional,Postwar,,,,,,,,,,,,
356,Samaras,SamarasNicholas,Samaras,Nicholas,1954,1989,,1980,1980_2010,M,,American/NorthAmerican,AmericanConfessional,,,,,,,,,,,,,
357,Sanchez,SanchezSonia,Sanchez,Sonia,1935,1970,,1970,1950_1980,F,African-American,American/NorthAmerican,BlackArts,Feminism,BlackArts,,,,,AmericanConfessional,Postwar,,,,,
358,Sarton,SartonMay,Sarton,May,1912,1947,,1940,1920_1950,F,,American/NorthAmerican,Lesbian/Gay,,,,ChicagoRenaissance,,,AmericanConformityandCriticism,AmericanNaturalisticandSymbolistic,Modernist,,,,
359,Sassoon,SassoonSiegfried,Sassoon,Siegfried,1886,1921,1880,1920,,M,,British/English/European,Lesbian/Gay,FirstWorldWar,,,Lesbian/Gay,,,AmericanConfessional,AmericanConformityandCriticism,Modernist,,,,
360,Satta,SattaSebastiano,Satta,Sebastiano,1867,1902,1860,1900,,M,,Italian/European,Modernism,,,,,,,,,,,,,
361,Saxton,SaxtonRobert,Saxton,Robert,1952,1987,1950,1980,,M,,British/English/European,Postwar,,,,,,,,,,,,,
362,Schneider,SchneiderMyra,Schneider,Myra,1936,1971,,1970,1950_1980,F,,British/English/European,Postwar,,,,,,,,,,,,,
363,Schwartz,SchwartzDelmore,Schwartz,Delmore,1913,1948,,1940,1920_1950,M,Jewish/Jewish-American,American/NorthAmerican,AmericanConformity,,,,,,,Postwar,,,,,,
364,Schwartz2,SchwartzRuthL,Schwartz,RuthL,1962,1997,1960,1990,,F,Jewish/Jewish-American,American/NorthAmerican,Lesbian/Gay,,,,,,,,,,,,,
365,Schwartzman,SchwartzmanAdam,Schwartzman,Adam,1973,2008,1970,2000,,M,,African/SouthAfrican,Postwar,,,,,,,AmericanConformityandCriticism,Modernist,,,,,
366,Scovell,ScovellEJ,Scovell,EJ,1907,1942,1900,1940,,F,,British/English/European,Postwar,,,,,,,,,,,,,
367,Scupham,ScuphamPeter,Scupham,Peter,1933,1968,,1960,1950_1980,M,,British/English/European,Postwar,,,,,,,,,,,,,
368,Seeger,SeegerAlan,Seeger,Alan,1886,1921,,1920,1920_1950,M,,American/NorthAmerican,Symbolism,,,,,,,Postwar,,,,,,
369,Selman,SelmanRobyn,Selman,Robyn,1959,1994,1950,1990,,F,Jewish/Jewish-American,American/NorthAmerican,Lesbian/Gay,,,,FirstWorldWarPoets,,,AmericanNaturalisticandSymbolistic,Modernist,,,,,
370,Shapcott,ShapcottJo,Shapcott,Jo,1953,1988,,1980,1980_2010,F,,British/English/European,Postwar,,,,,,,,,,,,,
371,Shapiro,ShapiroHarvey,Shapiro,Harvey,1924,1959,1920,1950,,M,Jewish/Jewish-American,American/NorthAmerican,AmericanConfessional,,,,,,,Postwar,,,,,,
372,Shapiro2,ShapiroKarlJay,Shapiro,Karl,1913,1948,,1940,1920_1950,M,Jewish/Jewish-American,American/NorthAmerican,AmericanConformity,,,,,,,,,,,,,
373,Shelton,SheltonRichard,Shelton,Richard,1933,1968,,1960,1950_1980,M,,American/NorthAmerican,AmericanConfessional,,,,,,,AmericanConfessional,AmericanConformityandCriticism,Postwar,,,,
374,Shepherd,ShepherdReginald,Shepherd,Reginald,1963,1998,,1990,1980_2010,M,African-American,American/NorthAmerican,Lesbian/Gay,,,,,,,AmericanConfessional,Postwar,,,,,
375,Sherman,ShermanFrancis,Sherman,Francis,1871,1906,1870,1900,,M,,Canadian/NorthAmerican,CanadianConfederation,,,,Lesbian/Gay,,,AmericanConfessional,Postwar,,,,,
376,Shorter,ShorterDoraSigerson,Shorter,DoraSigerson,1866,1901,1860,1900,,F,,British/Irish/European,CelticRevival,Edwardian,,,,,,,,,,,,
377,Shumaker,ShumakerPeggy,Shumaker,Peggy,1952,1987,,1980,1980_2010,F,,American/NorthAmerican,AmericanConfessional,,,,,,,,,,,,,
378,Sibum,SibumNorm,Sibum,Norm,1946,1981,,1980,1980_2010,M,,Canadian/German/European/NorthAmerican,Postwar,,,,,,,AmericanConfessional,Postwar,,,,,
379,Simic,SimicCharles,Simic,Charles,1938,1973,,1970,1950_1980,M,,American/Yugoslavian/European/NorthAmerican,AmericanConfessional,,,*No lion mvmt except CanadianContemporaryPeriod, so I put Postwar,,,,CanadianContemporaryPeriod,,,,,
380,Simpson,SimpsonLouisAstonMarantz,Simpson,Louis,1923,1958,,1950,1950_1980,M,,American/Jamaican/WestIndian/Caribbean/NorthAmerican,DeepImage,,,,,,,AmericanConfessional,Ppstwar,,,,,
381,Sisson,SissonCHCharlesHubert,Sisson,CHCharlesHubert,1914,1949,1910,1940,,M,,British/English/European,Postwar,,,,DeepImage,,,AmericanConfessional,Postwar,,,,,
382,Slater,SlaterEleanor,Slater,Eleanor,1903,1938,,1930,1920_1950,F,,American/NorthAmerican,Symbolism,,,,,,,,,,,,,
383,Smary,SmartHarry,Smart,Harry,1956,1991,1950,1990,,M,,British/English/European,Postwar,,,,,,,AmericanNaturalisticandSymbolistic,Modernist,,,,,
384,Smith,SmithCharlie,Smith,Charlie,1947,1982,,1980,1980_2010,M,,American/NorthAmerican,AmericanConfessional,,,*This poet belongs to many Canadian groups, but is pretty much the only member of them,ConfederationPoet,McGillMovement,Modernism,CanadianContemporaryPeriod,CanadianModern,,,,
385,Smith2,SmithDave,Smith,Dave,1942,1977,1940,1970,,M,,American/NorthAmerican,AmericanConfessional,,,,,,,AmericanConfessional,Postwar,,,,,
386,Smith3,SmithPatricia,Smith,Patricia,1955,1990,1950,1990,,F,African-American,American/NorthAmerican,AmericanConfessional,,,,,,,,,,,,,
387,Smith4,SmithStevie,Smith,Stevie,1902,1937,1900,1930,,F,,British/English/European,Writersofthe1930s,Inter-War,,,,,,,,,,,,
388,Snyder,SnyderGary,Snyder,Gary,1930,1965,,1960,1950_1980,M,,American/NorthAmerican,Beat,,Beat,,,,,,,,,,,
389,Solomon,SolomonSandy,Solomon,Sandy,1948,1983,,1980,1980_2010,F,,American/NorthAmerican,AmericanConfessional,,, Ethnopoetic, Surrealism,,Beat,,,AmericanConfessional,,,,
390,Song,SongCathy,Song,Cathy,1955,1990,,1990,1980_2010,F,Asian-American,American/NorthAmerican,AmericanConfessional,,,,,,,AmericanConfessional,Postwar,,,,,
391,Sorley,SorleyCharlesHamilton,Sorley,Charles,1895,1930,,1930,1920_1950,M,,British/English/European,FirstWorldWarPoets,,,,,,,AmericanConfessional,Postwar,,Postwar,,,
392,Spender,SpenderStephen,Spender,Stephen,1909,1944,1900,1940,,M,,British/English/European,Lesbian/Gay,Writersofthe1930s,,,,,,,,,,,,
393,Stafford,StaffordWilliam,Stafford,William,1914,1949,,1940,1920_1950,M,,American/NorthAmerican,AmericanConfessional,,,,,,,AmericanConfessional,Postwar,,,,,
394,Stephens,StephensJames,Stephens,James,1882,1917,,1910,1890_1920,M,,Irish/European,Modernism,,,,,,,AmericanConfessional,Postwar,,,,,
395,Stern,SternGerald,Stern,Gerald,1925,1960,,1960,1950_1980,M,Jewish/Jewish-American,American/NorthAmerican,AmericanConfessional,,,*Very into Irish language and folk tales, worked closely with Joyce,CelticRevival,,,EdwardianPeriod,Inter-War,,,,
396,Stevens,StevensWallace,Stevens,Wallace,1879,1914,,1910,1890_1920,M,,American/NorthAmerican,Symbolism,AmericanConformity,,,,,,AmericanConfessional,Postwar,,,,,
397,Stickney,StickneyTrumbull,Stickney,Trumbull,1874,1909,1870,1900,,M,,American/NorthAmerican,AmericanNaturalisticSymbolistic,Modernism,,,Modernism,,,AmericanConformityandCriticism,AmericanNaturalisticandSymbolistic,Modernist,Modernist,,,
398,Stimson,StimsonNick,Stimson,Nick,1952,1987,1950,1980,,M,,British/English/European,Postwar,,,,,,,,,,,,,
399,StJohn,StJohnPrimus,StJohn,Primus,1939,1974,1930,1970,,M,African-American,American/NorthAmerican,AmericanConfessional,Postwar,,,,,,,,,,,,
400,Stringer,StringerArthur,Stringer,Arthur,1874,1909,1870,1900,,M,,Canadian/NorthAmerican,CanadianConfederation,CanadianModern,,,,,,,,,,,,
401,Sward,SwardRobert,Sward,Robert,1933,1968,,1960,1950_1980,M,Jewish/Jewish-American,American/NorthAmerican,AmericanConfessional,,,,,,,,,,,,,
402,Sylvester,SylvesterJanet,Sylvester,Janet,1950,1985,,1980,1980_2010,F,,American/NorthAmerican,AmericanConfessional,,,,,,,AmericanConfessional,Postwar,,,,,
403,Synge,SyngeJMJohnMillington,Synge,JMJohnMillington,1871,1906,1870,1900,,M,,Irish/European,CelticRevival,Naturalism,,,,,,AmericanConfessional,Postwar,,,,,
404,Szirtes,SzirtesGeorge,Szirtes,George,1948,1983,,1980,1980_2010,M,,British/Hungarian/European,Postwar,,,,,,,,,,,,,
405,Taggard,TaggardGenevieve,Taggard,Genevieve,1894,1929,,1920,1920_1950,F,,American/NorthAmerican,Symbolism,AmericanConformity,,,,,,Postwar,,,,,,
406,Tapscott,TapscottStephen,Tapscott,Stephen,1948,1983,1940,1980,,M,,American/NorthAmerican,AmericanConfessional,Postwar,,,,,,AmericanConformityandCriticism,AmericanNaturalisticandSymbolistic,Modernist,,,,
407,Tate,TateJames,Tate,James,1943,1978,,1970,1950_1980,M,,American/NorthAmerican,AmericanConfessional,,,,,,,,,,,,,
408,Teasdale,TeasdaleSara,Teasdale,Sara,1884,1919,,1910,1890_1920,F,,American/NorthAmerican,Symbolism,AmericanConformity,,,,,,AmericanConfessional,Postwar,,,,,
409,Tessimond,TessimondASJArthurSeymourJohn,Tessimond,ASJ,1902,1937,,1930,1920_1950,M,,British/English/European,Modernism,,,,,,,AmericanConformityandCriticism,AmericanNaturalisticandSymbolistic,Modernist,,,,
410,Thomas,ThomasEdward,Thomas,Edward,1878,1913,1870,1910,,M,,British/English/European,FirstWorldWarPoets,,,,,,,Inter-War,Modernist,Postwar,,,,
411,Thomas2,ThomasLorenzo,Thomas,Lorenzo,1944,1979,1940,1970,,M,African-American,American/Panamanian/NorthAmerican/LatinAmerican,BlackArts,AmericanConfessional,,,,,,,,,,,,
412,Thomas3,ThomasRSRonaldStuart,Thomas,RS,1913,1948,,1940,1920_1950,M,,British/Welsh/European,Postwar,,,,,,,,,,,,,
413,Thompson,ThompsonAaronBelford,Thompson,Aaron,1883,1918,,1910,1890_1920,M,African-American,American/NorthAmerican,Symbolism,,,,,,,Postwar,,,,,,
414,Toomer,ToomerJean,Toomer,Jean,1894,1929,,1920,1920_1950,M,African-American,American/NorthAmerican,HarlemRenaissance,Symbolism,HarlemRenaissance,,,,,AmericanNaturalisticandSymbolistic,Modernist,,,,,
415,Tsvetaeva,TsvetaevaMarina,Tsvetaeva,Marina,1892,1927,,1920,1920_1950,F,,Russian/European,Modernism,,,,HarlemRenaissance,Modernism,,AmericanNaturalisticandSymbolistic,Modernist,,,,,
416,Turner,TurnerMartin,Turner,Martin,1948,1983,1940,1980,,M,,British/European,Postwar,,,,,,,Modernist,,,,,,
417,Valery,ValeryPaul,Valery,Paul,1871,1906,1870,1900,,M,,French/European,Symbolism,Modernism,,,,,,,,,,,,
418,Van Walleghen,VanWalleghenMichael,Van Walleghen,Michael,1938,1973,,1970,1950_1980,M,,American/NorthAmerican,AmericanConfessional,,,,,,,,,,,,,
419,Vinal,VinalHarold,Vinal,Harold,1891,1926,,1920,1920_1950,M,,American/NorthAmerican,Modernism,,,,,,,AmericanConfessional,Postwar,,,,,
420,Voigt,VoigtEllenBryant,Voigt,Ellen,1943,1978,,1970,1950_1980,F,,American/NorthAmerican,AmericanConfessional,,,,,,,AmericanConformityandCriticism,Modernist,,,,,
421,Waldman,WaldmanAnne,Waldman,Anne,1945,1980,,1980,1980_2010,F,,American/NorthAmerican,Beat,,Beat,,,,,AmericanConfessional,Postwar,,,,,
422,Walker,WalkerMargaret,Walker,Margaret,1915,1950,,1950,1950_1980,F,African-American,American/NorthAmerican,BlackArts,Feminism,,,,,,AmericanConfessional,Postwar,,,,,
423,Wang,WangPing,Wang,Ping,1957,1992,,1990,1980_2010,F,Asian-American,American/NorthAmerican,AmericanConfessional,,,,BlackArtsMovement,ChicagoRenaissance,FeministWriters,AmericanConfessional,AmericanConformityandCriticism,Modernist,,,,
424,Waring,WaringBelle,Waring,Belle,1951,1986,,1980,1980_2010,F,,American/NorthAmerican,AmericanConfessional,,,,,,,AmericanConfessional,Postwar,,,,,
425,Waterman,WatermanAndrew,Waterman,Andrew,1940,1975,1940,1970,,M,,British/English/European,Postwar,,,,,,,AmericanConfessional,Postwar,,,,,
426,Watkins,WatkinsVernonPhillips,Watkins,Vernon,1906,1941,,1940,1920_1950,M,,British/Welsh/European,Postwar,,,,,,,,,,,,,
427,Weaver,WeaverAfaaMAfaaMichael,Weaver,Michael,1951,1986,,1980,1980_2010,M,African-American,American/NorthAmerican,AmericanConfessional,,,,,,,Postwar,,,,,,
428,Weismiller,WeismillerEdwardRonald,Weismiller,Edward,1915,1950,,1950,1950_1980,M,,American/NorthAmerican,Modernism,,,,,,,AmericanConfessional,Postwar,,,,,
429,Wells,WellsRobert,Wells,Robert,1947,1982,,1980,1980_2010,M,,British/English/European,Postwar,,,,,,,AmericanConfessional,AmericanConformityandCriticism,Modernist,,,,
430,Wheelwright,WheelwrightJohn,Wheelwright,John,1897,1932,,1930,1920_1950,M,,American/NorthAmerican,Modernism,,,,,,,Postwar,,,,,,
431,White,WhiteViolaChittenden,White,ViolaChittenden,1890,1925,,1920,1920_1950,F,,American,Symbolism,,,,,,,AmericanConformityandCriticism,Modernist,,,,,
432,Wieners,WienersJohn,Wieners,John,1934,1969,,1960,1950_1980,M,,American/NorthAmerican,Beat,,,,,,,AmericanConformityandCriticism,AmericanNaturalisticandSymbolistic,Modernist,,,,
433,Wilder,WilderAmosNiven,Wilder,Amos,1895,1930,,1930,1920_1950,M,,American/NorthAmerican,Symbolism,Symbolism,,,Beat,BlackMountainSchool,Lesbian/Gay,AmericanConfessional,Postwar,,,,,
434,Wilkins,WilkinsPaul,Wilkins,Paul,1951,1986,1950,1980,,M,,English/European,Lesbian/Gay,,,,,,,AmericanNaturalisticandSymbolistic,Modernist,,,,,
435,Williams,WilliamsHugo,Williams,Hugo,1942,1977,,1970,1950_1980,M,,British/English/European,Postwar,,,,,,,,,,,,,
436,Williams2,WilliamsOscar,Williams,Oscar,1900,1935,,1930,1920_1950,M,,American,Symbolism,AmericanConformity,,,,,,AmericanConfessional,Postwar,,,,,
437,Williams3,WilliamsSherleyAnne,Williams,SherleyAnne,1944,1979,1940,1970,,F,African-American,American/NorthAmerican,AmericanConfessional,Postwar,,,,,,AmericanConformityandCriticism,AmericanNaturalisticandSymbolistic,Modernist,,,,
438,Williams4,WilliamsWaldo,Williams,Waldo,1904,1939,,1930,1920_1950,M,,British/Welsh/European,Modernism,,,,,,,,,,,,,
439,Williams5,WilliamsWilliamCarlos,Williams,WilliamCarlos,1883,1918,,1910,1890_1920,M,,American,Modernism,Imagism,Imagism,,,,,Inter-War,Modernist,Postwar,,,,
440,Wilmer,WilmerClive,Wilmer,Clive,1945,1980,1940,1980,,M,,British/English/European,Postwar,,, Met,,Imagism,Modernism,Objectivism,AmericanConformityandCriticism,AmericanNaturalisticandSymbolistic,,,,
441,Witheford,WithefordHubert,Witheford,Hubert,1921,1956,1920,1950,,M,,NewZealander/Oceanian,Postwar,,,,,,,,,,,,,
442,Wohlfeld,WohlfeldValerie,Wohlfeld,Valerie,1956,1991,,1990,1980_2010,F,,American/NorthAmerican,AmericanConfessional,,,,,,,,,,Modernist,,,
443,Wojahn,WojahnDavid,Wojahn,David,1953,1988,,1980,1980_2010,M,,American/NorthAmerican,AmericanConfessional,,,,,,,AmericanConfessional,Postwar,,,,,
444,Woods,WoodsGregory,Woods,Gregory,1953,1988,,1980,1980_2010,M,,British/European,Lesbian/Gay,,,,,,,AmericanConfessional,Postwar,,,,,
445,Woods2,WoodsJamesChapman,Woods,JamesChapman,1870,1905,1870,1900,,M,,British/European,Inter-War,Modernism,,,Lesbian/Gay,,,Postwar,,,,,,
446,Wright,WrightCharles,Wright,Charles,1935,1970,,1970,1950_1980,M,,American,Postwar,,,,,,,,,,,,,
447,Wright2,WrightDavidMcKee,Wright,DavidMcKee,1867,1902,1860,1900,,M,,Irish/NewZealander/Oceanian/European,LateVictorian,,,,,,,AmericanConfessional,Postwar,,,,,
448,Wright3,WrightJamesArlington,Wright,James,1927,1962,,1960,1950_1980,M,,American/NorthAmerican,DeepImage,,,,,,,,,,,,,
449,Wylie,WylieElinor,Wylie,Elinor,1885,1920,,1920,1920_1950,F,,American/NorthAmerican,Symbolism,,,,DeepImage,,,AmericanConfessional,Postwar,,,,,
450,Yau,YauJohn,Yau,John,1950,1985,,1980,1980_2010,M,,American/NorthAmerican,AmericanConfessional,,,,,,,AmericanNaturalisticandSymbolistic,Modernist,,,,,
451,Yeats,YeatsWilliam,Yeats,William,1865,1900,,1900,1890_1920,M,Anglo-Irish,British/Irish/European,Modernism,,,,,,,AmericanConfessional,Postwar,,,,,
452,Yevtushenko,YevtushenkoYevgenyAleksandrovich,Yevtushenko,YevgenyAleksandrovich,1933,1968,1930,1960,,M,,Russian/European,Postwar,,,,AestheticMovement,CelticRevival,Modernism,Edwardian,Inter-War,Modernist,,,,
453,Young,YoungAl,Young,Al,1885,1920,,1920,1920_1950,M,African-American,American/NorthAmerican,AmericanConfessional,,,,,,,,,,,,,
454,Young2,YoungAndrew,Young,Andrew,1939,1974,,1970,1950_1980,M,,British/Scottish/European,Modernism,,,,,,,AmericanConfessional,Postwar,,,,,
,,,,,,,,,,,,,,,,,,,,Inter-War,Modernist,Postwar,,,,
